{
  "sensor": "MPU6050",
  "bus": 1,
  "address": 104,
  "accel_offsets_g": [
    0.031648681640625,
    -0.03857958984375,
    -0.08848657226562495
  ],
  "gyro_offsets_dps": [
    -2.578091603053431,
    1.5141679389312983,
    -0.7769923664122136
  ],
  "expected_gravity_g": [
    0.0,
    0.0,
    -1.0
  ],
  "created_unix": 1774534114.4986155
}