freq,resp
0,0.974658
96000,0.974658