{
  "sensor": "MPU6050",
  "bus": 1,
  "address": 104,
  "accel_offsets_g": [
    0.031930419921875,
    -0.038458984375,
    -0.08872998046875002
  ],
  "gyro_offsets_dps": [
    -2.5621526717557233,
    1.5722442748091614,
    -0.8007633587786269
  ],
  "expected_gravity_g": [
    0.0,
    0.0,
    -1.0
  ],
  "created_unix": 1774537620.5452569
}