{
  "sensor": "MPU6050",
  "bus": 1,
  "address": 104,
  "accel_offsets_g": [
    0.034766357421875,
    -0.03921435546875,
    -0.08827734374999996
  ],
  "gyro_offsets_dps": [
    -2.6165954198473287,
    1.5618167938931287,
    -0.7596335877862582
  ],
  "expected_gravity_g": [
    0.0,
    0.0,
    -1.0
  ],
  "created_unix": 1774621188.3427436
}